<application>
  <component name="ProjectJdkTable">
    <jdk version="2">
      <name value="1.8" />
      <type value="JavaSDK" />
      <version value="java version &quot;1.8.0_152-release&quot;" />
      <homePath value="$APPLICATION_HOME_DIR$/jre" />
      <roots>
        <annotationsPath>
          <root type="composite">
            <root type="simple" url="jar://$APPLICATION_HOME_DIR$/lib/jdkAnnotations.jar!/" />
          </root>
        </annotationsPath>
        <classPath>
          <root type="composite">
            <root type="simple" url="jar://$APPLICATION_HOME_DIR$/jre/jre/lib/charsets.jar!/" />
            <root type="simple" url="jar://$APPLICATION_HOME_DIR$/jre/jre/lib/ext/access-bridge-64.jar!/" />
            <root type="simple" url="jar://$APPLICATION_HOME_DIR$/jre/jre/lib/ext/cldrdata.jar!/" />
            <root type="simple" url="jar://$APPLICATION_HOME_DIR$/jre/jre/lib/ext/dnsns.jar!/" />
            <root type="simple" url="jar://$APPLICATION_HOME_DIR$/jre/jre/lib/ext/jaccess.jar!/" />
            <root type="simple" url="jar://$APPLICATION_HOME_DIR$/jre/jre/lib/ext/localedata.jar!/" />
            <root type="simple" url="jar://$APPLICATION_HOME_DIR$/jre/jre/lib/ext/nashorn.jar!/" />
            <root type="simple" url="jar://$APPLICATION_HOME_DIR$/jre/jre/lib/ext/sunec.jar!/" />
            <root type="simple" url="jar://$APPLICATION_HOME_DIR$/jre/jre/lib/ext/sunjce_provider.jar!/" />
            <root type="simple" url="jar://$APPLICATION_HOME_DIR$/jre/jre/lib/ext/sunmscapi.jar!/" />
            <root type="simple" url="jar://$APPLICATION_HOME_DIR$/jre/jre/lib/ext/sunpkcs11.jar!/" />
            <root type="simple" url="jar://$APPLICATION_HOME_DIR$/jre/jre/lib/ext/zipfs.jar!/" />
            <root type="simple" url="jar://$APPLICATION_HOME_DIR$/jre/jre/lib/jce.jar!/" />
            <root type="simple" url="jar://$APPLICATION_HOME_DIR$/jre/jre/lib/jsse.jar!/" />
            <root type="simple" url="jar://$APPLICATION_HOME_DIR$/jre/jre/lib/management-agent.jar!/" />
            <root type="simple" url="jar://$APPLICATION_HOME_DIR$/jre/jre/lib/resources.jar!/" />
            <root type="simple" url="jar://$APPLICATION_HOME_DIR$/jre/jre/lib/rt.jar!/" />
          </root>
        </classPath>
        <javadocPath>
          <root type="composite">
            <root type="simple" url="http://docs.oracle.com/javase/8/docs/api/" />
          </root>
        </javadocPath>
        <sourcePath>
          <root type="composite" />
        </sourcePath>
      </roots>
      <additional />
    </jdk>
    <jdk version="2">
      <name value="Android API 27 Platform" />
      <type value="Android SDK" />
      <homePath value="C:\Users\karca\AppData\Local\Android\Sdk" />
      <roots>
        <annotationsPath>
          <root type="composite">
            <root type="simple" url="jar://$APPLICATION_HOME_DIR$/plugins/android/lib/androidAnnotations.jar!/" />
          </root>
        </annotationsPath>
        <classPath>
          <root type="composite">
            <root type="simple" url="jar://$USER_HOME$/AppData/Local/Android/Sdk/platforms/android-27/android.jar!/" />
            <root type="simple" url="file://$USER_HOME$/AppData/Local/Android/Sdk/platforms/android-27/data/res" />
          </root>
        </classPath>
        <javadocPath>
          <root type="composite" />
        </javadocPath>
        <sourcePath>
          <root type="composite">
            <root type="simple" url="file://$USER_HOME$/AppData/Local/Android/Sdk/sources/android-27" />
          </root>
        </sourcePath>
      </roots>
      <additional jdk="1.8" sdk="android-27" />
    </jdk>
    <jdk version="2">
      <name value="Android API 26 Platform" />
      <type value="Android SDK" />
      <homePath value="C:\Users\karca\AppData\Local\Android\Sdk" />
      <roots>
        <annotationsPath>
          <root type="composite">
            <root type="simple" url="jar://$APPLICATION_HOME_DIR$/plugins/android/lib/androidAnnotations.jar!/" />
          </root>
        </annotationsPath>
        <classPath>
          <root type="composite">
            <root type="simple" url="jar://$USER_HOME$/AppData/Local/Android/Sdk/platforms/android-26/android.jar!/" />
            <root type="simple" url="file://$USER_HOME$/AppData/Local/Android/Sdk/platforms/android-26/data/res" />
          </root>
        </classPath>
        <javadocPath>
          <root type="composite">
            <root type="simple" url="http://developer.android.com/reference/" />
          </root>
        </javadocPath>
        <sourcePath>
          <root type="composite" />
        </sourcePath>
      </roots>
      <additional jdk="1.8" sdk="android-26" />
    </jdk>
  </component>
</application>